<?xml version="1.0" encoding="UTF-8"?>
<Networks computer="DESKTOP-3KQL9SO" GlobalFPPProxy="" GlobalForceLocalIP="" AutoUpdateFromBase="0" BaseShowDir="">
  <suppressframes frames="20"/>
  <Controller Id="1" Name="Null" Description="" Type="Null" Vendor="" Model="" Variant="" AutoSize="0" FromBase="0" DefaultBrightnessUnderFullControl="100" DefaultGammaUnderFullControl="1" ActiveState="Active" AutoLayout="0" AutoUpload="0" SuppressDuplicates="0" Monitor="1">
    <network NetworkType="NULL" MaxChannels="100000"/>
  </Controller>
  <testpreset name="LEFT WINDOW Matrix full on test 1">
    <channelr start="5029" end="6864"/>
  </testpreset>
  <testpreset name="LEFT WINDOWN (6) STRING TWIN 50">
    <channelr start="5029" end="7068"/>
  </testpreset>
  <testpreset name="LEFT WINDOW MATRIX FULL WHITE (6) TEST">
    <channelr start="5029" end="7068"/>
  </testpreset>
  <testpreset name="WHITE TEST ON CENTER WINDOW MATRIX">
    <channelr start="4429" end="9108"/>
  </testpreset>
  <testpreset name="All Channels On!!!! July 2016">
    <channelr start="1" end="14208"/>
  </testpreset>
  <testpreset name="2 pink">
    <channelr start="1" end="14208"/>
  </testpreset>
  <testpreset name="CENTER/LEFT WINDOW MATRIX EVEN TEST">
    <channelr start="4081" end="4590"/>
    <channelr start="5101" end="5610"/>
    <channelr start="6121" end="6630"/>
    <channelr start="7141" end="7650"/>
    <channelr start="8161" end="8670"/>
    <channelr start="9181" end="9690"/>
    <channelr start="12241" end="12750"/>
    <channelr start="13261" end="13770"/>
  </testpreset>
  <testpreset name="CENTER/LEFT WINDOW MATRIX ODD TEST">
    <channelr start="3571" end="4080"/>
    <channelr start="4591" end="5100"/>
    <channelr start="5611" end="6120"/>
    <channelr start="6631" end="7140"/>
    <channelr start="7651" end="8160"/>
    <channelr start="8671" end="9180"/>
    <channelr start="11731" end="12240"/>
    <channelr start="12751" end="13260"/>
  </testpreset>
  <testpreset name="L-Ring all">
    <channelr start="31663" end="31677"/>
  </testpreset>
  <testpreset name="props">
    <channelr start="349" end="510"/>
    <channelr start="6001" end="6576"/>
    <channelr start="11731" end="12030"/>
    <channelr start="12243" end="12542"/>
  </testpreset>
  <testpreset name="Christmas2015"/>
  <testpreset name="2015 house"/>
  <testpreset name="Tree 1">
    <channelr start="0" end="5399"/>
  </testpreset>
  <testpreset name="lor tree">
    <channelr start="10800" end="14399"/>
  </testpreset>
  <testpreset name="Test RGB Columns-Arches">
    <channelr start="49" end="1038"/>
  </testpreset>
  <testpreset name="LOR units">
    <channelr start="459" end="500"/>
    <channelr start="507" end="521"/>
  </testpreset>
  <testpreset name="Mega Tree 1600">
    <channelr start="4656" end="9455"/>
  </testpreset>
  <testpreset name="Snowman Line">
    <channelr start="429" end="443"/>
  </testpreset>
  <testpreset name="Mega Arch">
    <channelr start="393" end="428"/>
  </testpreset>
  <testpreset name="Pixel radio sign">
    <channelr start="3360" end="3491"/>
  </testpreset>
  <testpreset name="pixel tree">
    <channelr start="1530" end="1829"/>
  </testpreset>
  <testpreset name="candy canes">
    <channelr start="1020" end="1109"/>
  </testpreset>
  <testpreset name="Pixel star">
    <channelr start="510" end="689"/>
    <channelr start="1020" end="1109"/>
  </testpreset>
  <testpreset name="Arches">
    <channelr start="0" end="59"/>
  </testpreset>
  <testpreset name="Arch good">
    <channelr start="0" end="59"/>
  </testpreset>
  <testpreset name="Star Good">
    <channelr start="510" end="689"/>
  </testpreset>
  <testpreset name="RGB TEST">
    <channelr start="1" end="16320"/>
  </testpreset>
  <testpreset name="TEST">
    <channelr start="1" end="16320"/>
  </testpreset>
  <testpreset name="EVERYTHING">
    <channelr start="1" end="307200"/>
  </testpreset>
  <testpreset name="aaaa">
    <channelr start="1" end="3072"/>
  </testpreset>
  <testpreset name="Taylors Right Window">
    <channelr start="1" end="1536"/>
  </testpreset>
  <testpreset name="Taylors Left Window">
    <channelr start="1537" end="3072"/>
  </testpreset>
  <testpreset name="Balcony Left Window">
    <channelr start="6145" end="9216"/>
  </testpreset>
  <testpreset name="Balcony Right Window">
    <channelr start="3073" end="6144"/>
  </testpreset>
  <testpreset name="Garage Left Windows">
    <channelr start="13313" end="16384"/>
  </testpreset>
  <testpreset name="Garage Right Window">
    <channelr start="10241" end="13312"/>
  </testpreset>
  <testpreset name="Braden Left Window">
    <channelr start="19457" end="22528"/>
  </testpreset>
  <testpreset name="Braden Right Window">
    <channelr start="16385" end="19456"/>
  </testpreset>
  <testpreset name="Pixel Matrix">
    <channelr start="22529" end="28672"/>
  </testpreset>
  <testpreset name="Left Arches">
    <channelr start="30721" end="32768"/>
  </testpreset>
  <testpreset name="Right Arches">
    <channelr start="28673" end="30720"/>
  </testpreset>
  <testpreset name="AlphaPix 16">
    <channelr start="1" end="2400"/>
  </testpreset>
  <testpreset name="test all">
    <channelr start="0" end="10090"/>
  </testpreset>
  <testpreset name="test">
    <channelr start="0" end="10090"/>
  </testpreset>
  <testpreset name="test2"/>
  <testpreset name="Column-left">
    <channelr start="8394" end="8896"/>
  </testpreset>
  <testpreset name="Column-right">
    <channelr start="8394" end="8896"/>
    <channelr start="10730" end="11224"/>
  </testpreset>
  <testpreset name="Bethlehem star">
    <channelr start="10367" end="10720"/>
  </testpreset>
  <testpreset name="LOR AND RGB DUMB">
    <channelr start="1" end="528"/>
  </testpreset>
  <testpreset name="Test Tree1">
    <channelr start="2550" end="2849"/>
  </testpreset>
  <testpreset name="Testall">
    <channelr start="0" end="14279"/>
  </testpreset>
  <testpreset name="TestTree1">
    <channelr start="2838" end="3737"/>
  </testpreset>
  <testpreset name="Tree1&amp;amp;2">
    <channelr start="2838" end="3737"/>
    <channelr start="3750" end="4937"/>
  </testpreset>
  <testpreset name="SingTree123">
    <channelr start="2838" end="3737"/>
    <channelr start="3750" end="4937"/>
    <channelr start="4950" end="6137"/>
  </testpreset>
  <testpreset name="SingTree1Test">
    <channelr start="2550" end="3737"/>
  </testpreset>
  <testpreset name="Tree8Test">
    <channelr start="10950" end="12137"/>
  </testpreset>
  <testpreset name="Tree7">
    <channelr start="9750" end="10937"/>
  </testpreset>
  <testpreset name="Tree6">
    <channelr start="8550" end="9737"/>
  </testpreset>
  <testpreset name="Tree5">
    <channelr start="7350" end="8537"/>
  </testpreset>
  <testpreset name="Tree4">
    <channelr start="6150" end="7337"/>
  </testpreset>
  <testpreset name="Tree9">
    <channelr start="12150" end="13337"/>
  </testpreset>
  <testpreset name="test97113">
    <channelr start="48739" end="48741"/>
    <channelr start="48787" end="48789"/>
  </testpreset>
  <testpreset name="chase">
    <channelr start="1" end="3072"/>
  </testpreset>
  <testpreset name="spiral tree">
    <channel id="35"/>
    <channelr start="40" end="47"/>
  </testpreset>
  <testpreset name="test1">
    <channelr start="1" end="170"/>
  </testpreset>
  <testpreset name="Singing Bulb Outline">
    <channelr start="4097" end="4297"/>
  </testpreset>
  <testpreset name="Singing Bulb Right Eye">
    <channelr start="4361" end="4399"/>
  </testpreset>
  <testpreset name="aefbsdfb">
    <channel id="10390"/>
    <channelr start="10737" end="10752"/>
  </testpreset>
  <testpreset name="adsgbsdfb">
    <channel id="10390"/>
    <channelr start="10737" end="10752"/>
  </testpreset>
  <testpreset name="adsfbasdfbad">
    <channel id="10390"/>
    <channelr start="10737" end="10752"/>
  </testpreset>
  <testpreset name="OK Test">
    <channelr start="1" end="300"/>
  </testpreset>
  <testpreset name="A">
    <channelr start="1" end="512"/>
  </testpreset>
  <testpreset name="middle pumpkin"/>
  <testpreset name="pumpkin left"/>
  <testpreset name="pumpkins right"/>
  <testpreset name="middle"/>
  <testpreset name="right">
    <channelr start="320" end="327"/>
    <channelr start="329" end="333"/>
  </testpreset>
  <testpreset name="everything">
    <channelr start="1" end="48120"/>
  </testpreset>
  <testpreset name="tree">
    <channelr start="1" end="9600"/>
  </testpreset>
  <testpreset name="StringTest">
    <channelr start="1200" end="1249"/>
  </testpreset>
  <testpreset name="GE MALTESE">
    <channelr start="5155" end="5604"/>
  </testpreset>
  <testpreset name="3panel">
    <channelr start="0" end="4607"/>
  </testpreset>
  <testpreset name="bulbs test 1">
    <channelr start="1" end="510"/>
  </testpreset>
  <testpreset name="test171819">
    <channelr start="8161" end="9690"/>
  </testpreset>
  <testpreset name="2015list">
    <channelr start="0" end="10199"/>
  </testpreset>
  <testpreset name="all star lit">
    <channelr start="0" end="11223"/>
  </testpreset>
  <testpreset name="3 trees">
    <channelr start="1" end="24480"/>
  </testpreset>
  <testpreset name="new">
    <channelr start="1" end="16"/>
  </testpreset>
  <testpreset name="test 1">
    <channelr start="1" end="16"/>
  </testpreset>
  <testpreset name="Matrix Controller Test">
    <channelr start="1201" end="4656"/>
  </testpreset>
  <testpreset name="test mini tree">
    <channelr start="1" end="512"/>
  </testpreset>
  <testpreset name="rgbtest">
    <channelr start="19" end="2400"/>
  </testpreset>
  <testpreset name="Test U200 - WS2301 3 strings">
    <channelr start="0" end="449"/>
  </testpreset>
  <testpreset name="RGB Mini Trees">
    <channelr start="2311" end="2760"/>
  </testpreset>
  <testpreset name="RGB Mini Tree">
    <channelr start="2311" end="3061"/>
  </testpreset>
  <testpreset name="RGB Mega Tree">
    <channelr start="512" end="2311"/>
  </testpreset>
  <testpreset name="RGB Arch Test">
    <channelr start="3062" end="3961"/>
  </testpreset>
  <testpreset name="RBG Tree Base">
    <channelr start="3962" end="4276"/>
  </testpreset>
  <testpreset name="1234">
    <channelr start="1" end="8816"/>
  </testpreset>
  <testpreset name="TEST 1">
    <channelr start="0" end="1678"/>
  </testpreset>
  <testpreset name="test on"/>
  <testpreset name="TEST 2">
    <channelr start="0" end="347"/>
  </testpreset>
  <testpreset name="1">
    <channelr start="4591" end="5610"/>
  </testpreset>
  <testpreset name="Mega Tree">
    <channelr start="900" end="6851"/>
  </testpreset>
  <testpreset name="TEST1">
    <channelr start="8161" end="8880"/>
    <channelr start="8884" end="9039"/>
    <channelr start="9457" end="9588"/>
    <channelr start="16328" end="16329"/>
    <channelr start="16342" end="16820"/>
    <channelr start="32631" end="33143"/>
    <channelr start="44625" end="44684"/>
  </testpreset>
  <testpreset name="TEST2">
    <channelr start="8161" end="8880"/>
    <channelr start="8884" end="9039"/>
    <channelr start="9457" end="9588"/>
    <channelr start="16328" end="16329"/>
    <channelr start="16342" end="16820"/>
    <channelr start="32631" end="33143"/>
    <channelr start="41811" end="42578"/>
    <channelr start="44625" end="44684"/>
  </testpreset>
  <testpreset name="mostly ac">
    <channelr start="8161" end="8424"/>
    <channelr start="8617" end="8880"/>
    <channelr start="9457" end="9588"/>
    <channel id="16322"/>
    <channelr start="16324" end="16330"/>
    <channelr start="16332" end="16333"/>
    <channel id="16335"/>
    <channelr start="16416" end="16439"/>
    <channelr start="32121" end="32633"/>
    <channelr start="40791" end="41474"/>
    <channelr start="43605" end="43664"/>
  </testpreset>
  <testpreset name="2">
    <channelr start="1465" end="1560"/>
    <channelr start="1564" end="1710"/>
    <channelr start="3061" end="3339"/>
    <channelr start="4153" end="4254"/>
    <channelr start="4363" end="4407"/>
    <channelr start="8161" end="8424"/>
    <channelr start="8617" end="8880"/>
    <channelr start="9457" end="9588"/>
    <channelr start="9829" end="9966"/>
    <channelr start="9970" end="10119"/>
    <channelr start="16321" end="16341"/>
    <channelr start="16353" end="16368"/>
    <channelr start="16416" end="16439"/>
    <channelr start="43605" end="43664"/>
  </testpreset>
  <testpreset name="3">
    <channelr start="1462" end="1710"/>
    <channelr start="3061" end="3339"/>
    <channelr start="4153" end="4254"/>
    <channelr start="4363" end="4407"/>
    <channelr start="8881" end="8883"/>
    <channelr start="9829" end="10119"/>
    <channelr start="16321" end="16368"/>
    <channelr start="16416" end="16439"/>
    <channelr start="32121" end="32633"/>
    <channelr start="33141" end="34334"/>
    <channelr start="41559" end="41606"/>
    <channelr start="43605" end="43664"/>
  </testpreset>
  <testpreset name="Testing"/>
  <testpreset name="fdg">
    <channelr start="1" end="20784"/>
  </testpreset>
  <testpreset name="tutorial">
    <channelr start="1" end="1530"/>
  </testpreset>
  <testpreset name="5444">
    <channelr start="5129" end="5132"/>
    <channel id="5134"/>
    <channelr start="5136" end="5140"/>
    <channelr start="5142" end="5143"/>
    <channelr start="5145" end="5151"/>
    <channelr start="5153" end="5158"/>
    <channelr start="5160" end="5164"/>
    <channelr start="5166" end="5173"/>
    <channelr start="5175" end="5186"/>
    <channelr start="5188" end="5240"/>
    <channelr start="5242" end="5258"/>
    <channelr start="5260" end="5285"/>
    <channelr start="5287" end="5297"/>
    <channelr start="5299" end="5321"/>
    <channelr start="5323" end="5330"/>
    <channelr start="5332" end="5342"/>
    <channelr start="5344" end="5353"/>
    <channelr start="5356" end="5372"/>
    <channelr start="5376" end="5378"/>
    <channelr start="5382" end="5390"/>
    <channel id="5394"/>
    <channelr start="5397" end="5429"/>
    <channel id="5432"/>
    <channelr start="5435" end="5622"/>
  </testpreset>
  <testpreset name="mytest">
    <channelr start="1023" end="3572"/>
    <channelr start="4093" end="8176"/>
  </testpreset>
  <testpreset name="pixeltest">
    <channel id="2021"/>
    <channel id="2246"/>
    <channel id="2468"/>
    <channelr start="2471" end="2472"/>
  </testpreset>
  <testpreset name="multi-test">
    <channelr start="1" end="510"/>
    <channelr start="3061" end="5610"/>
    <channelr start="6121" end="7650"/>
    <channelr start="9181" end="9690"/>
    <channelr start="12241" end="12750"/>
  </testpreset>
  <testpreset name="x">
    <channelr start="1" end="1020"/>
  </testpreset>
  <testpreset name="elimination">
    <channelr start="1" end="2550"/>
    <channelr start="4591" end="9180"/>
  </testpreset>
  <testpreset name="mega tree">
    <channelr start="1" end="510"/>
  </testpreset>
  <testpreset name="singtree">
    <channelr start="107069" end="107989"/>
  </testpreset>
  <testpreset name="test string">
    <channelr start="1" end="512"/>
  </testpreset>
  <testpreset name="t">
    <channelr start="1" end="3087"/>
  </testpreset>
  <testpreset name="Test Tree - 1 Only">
    <channelr start="1" end="510"/>
  </testpreset>
  <testpreset name="Test">
    <channelr start="1" end="510"/>
  </testpreset>
  <testpreset name="Roof Left">
    <channelr start="1" end="552"/>
  </testpreset>
  <testpreset name="window 1">
    <channelr start="1" end="972"/>
  </testpreset>
  <testpreset name="asd">
    <channelr start="1" end="510"/>
  </testpreset>
  <testpreset name="Test1">
    <channelr start="1531" end="2040"/>
  </testpreset>
  <testpreset name="testALL">
    <channelr start="1" end="46080"/>
  </testpreset>
  <testpreset name="strips test">
    <channelr start="1" end="3675"/>
  </testpreset>
  <testpreset name="All Trees">
    <channelr start="0" end="31"/>
  </testpreset>
  <testpreset name="Tree 2">
    <channelr start="8" end="15"/>
  </testpreset>
  <testpreset name="Tree 3">
    <channelr start="16" end="23"/>
  </testpreset>
  <testpreset name="Tree 4">
    <channelr start="23" end="31"/>
  </testpreset>
  <testpreset name="Blue Trees">
    <channel id="0"/>
    <channel id="4"/>
    <channel id="8"/>
    <channel id="12"/>
    <channel id="16"/>
    <channel id="20"/>
    <channel id="24"/>
    <channel id="28"/>
  </testpreset>
  <testpreset name="Red Trees">
    <channel id="1"/>
    <channel id="5"/>
    <channel id="9"/>
    <channel id="13"/>
    <channel id="17"/>
    <channel id="21"/>
    <channel id="25"/>
    <channel id="29"/>
  </testpreset>
  <testpreset name="Green Trees">
    <channel id="2"/>
    <channel id="6"/>
    <channel id="10"/>
    <channel id="14"/>
    <channel id="18"/>
    <channel id="22"/>
    <channel id="26"/>
    <channel id="30"/>
  </testpreset>
  <testpreset name="White Trees">
    <channel id="3"/>
    <channel id="7"/>
    <channel id="11"/>
    <channel id="15"/>
    <channel id="19"/>
    <channel id="23"/>
    <channel id="27"/>
    <channel id="31"/>
  </testpreset>
  <testpreset name="Family Red">
    <channel id="512"/>
    <channel id="515"/>
    <channel id="518"/>
    <channel id="521"/>
    <channel id="524"/>
    <channel id="527"/>
    <channel id="530"/>
    <channel id="533"/>
    <channel id="536"/>
    <channel id="539"/>
    <channel id="542"/>
    <channel id="545"/>
    <channel id="548"/>
    <channel id="551"/>
    <channel id="554"/>
    <channel id="557"/>
    <channel id="560"/>
    <channel id="563"/>
    <channel id="566"/>
    <channel id="569"/>
  </testpreset>
  <testpreset name="Windows Red">
    <channel id="512"/>
    <channel id="515"/>
    <channel id="518"/>
    <channel id="521"/>
    <channel id="524"/>
    <channel id="527"/>
    <channel id="530"/>
    <channel id="533"/>
    <channel id="536"/>
    <channel id="539"/>
    <channel id="542"/>
    <channel id="545"/>
    <channel id="548"/>
    <channel id="551"/>
    <channel id="554"/>
    <channel id="557"/>
    <channel id="560"/>
    <channel id="563"/>
    <channel id="566"/>
    <channel id="569"/>
    <channel id="632"/>
    <channel id="635"/>
    <channel id="638"/>
    <channel id="641"/>
    <channel id="656"/>
    <channel id="659"/>
    <channel id="662"/>
    <channel id="665"/>
  </testpreset>
  <testpreset name="color cycle">
    <channelr start="0" end="4095"/>
  </testpreset>
  <testpreset name="RGB Cycle">
    <channelr start="35" end="4095"/>
  </testpreset>
  <testpreset name="sss">
    <channelr start="1" end="510"/>
  </testpreset>
  <testpreset name="Matrix">
    <channelr start="56611" end="61710"/>
  </testpreset>
  <testpreset name="Lor">
    <channelr start="7651" end="8160"/>
  </testpreset>
  <testpreset name="Test first 8">
    <channelr start="7659" end="8160"/>
  </testpreset>
  <testpreset name="2 nd Face">
    <channelr start="7667" end="8160"/>
  </testpreset>
  <testpreset name="Face 3">
    <channelr start="7675" end="8160"/>
  </testpreset>
  <testpreset name="4">
    <channelr start="7699" end="7816"/>
    <channelr start="7843" end="8160"/>
  </testpreset>
  <testpreset name="falcon test">
    <channelr start="97" end="286"/>
    <channelr start="8447" end="9976"/>
  </testpreset>
  <testpreset name="spinner test">
    <channelr start="65" end="4144"/>
  </testpreset>
  <testpreset name="MatrixTest">
    <channelr start="1296" end="4751"/>
  </testpreset>
  <testpreset name="Roof &amp;amp; Window Trim (Plus Floods)">
    <channelr start="224" end="1999"/>
  </testpreset>
  <testpreset name="Matrix (Correct)">
    <channelr start="2372" end="5827"/>
  </testpreset>
  <testpreset name="RGB Arches">
    <channelr start="5828" end="6367"/>
  </testpreset>
  <testpreset name="NOEL">
    <channelr start="5962" end="7144"/>
  </testpreset>
  <testpreset name="NOEL Sign">
    <channelr start="6368" end="7144"/>
  </testpreset>
  <testpreset name="Test Star">
    <channelr start="9691" end="11220"/>
  </testpreset>
  <testpreset name="vv">
    <channelr start="1" end="510"/>
  </testpreset>
  <testpreset name="Halloween Test">
    <channelr start="1" end="13160"/>
  </testpreset>
  <testpreset name="revised 2016"/>
  <testpreset name="megatree">
    <channelr start="544" end="2307"/>
  </testpreset>
  <testpreset name="roofline">
    <channelr start="2308" end="3099"/>
  </testpreset>
  <testpreset name="PEAK">
    <channelr start="2308" end="2451"/>
  </testpreset>
  <testpreset name="star"/>
  <testpreset name="All Chase - Red/White">
    <channelr start="1" end="10128"/>
  </testpreset>
  <testpreset name="Test 1">
    <channelr start="1" end="10718"/>
  </testpreset>
  <testpreset name="E682">
    <channelr start="2922" end="6610"/>
  </testpreset>
  <testpreset name="AC Lights">
    <channelr start="1" end="473"/>
    <channelr start="5472" end="5981"/>
  </testpreset>
  <testpreset name="lft fan">
    <channelr start="440" end="1231"/>
  </testpreset>
  <testpreset name="testba"/>
  <testpreset name="Megatree test">
    <channelr start="249" end="284"/>
  </testpreset>
  <testpreset name="test arches"/>
  <testpreset name="Test Arches"/>
  <testpreset name="2 arches">
    <channelr start="1" end="300"/>
  </testpreset>
  <testpreset name="FirstEverTest">
    <channelr start="15166" end="15315"/>
  </testpreset>
  <testpreset name="Test Seq">
    <channelr start="1" end="1020"/>
  </testpreset>
  <testpreset name="Test_1">
    <channelr start="1" end="512"/>
  </testpreset>
  <testpreset name="TestTopLeftEave">
    <channelr start="1" end="510"/>
  </testpreset>
  <testpreset name="Test4String">
    <channelr start="1" end="1260"/>
  </testpreset>
  <testpreset name="TestChase">
    <channelr start="1" end="1260"/>
  </testpreset>
  <testpreset name="univ13">
    <channelr start="6121" end="6630"/>
  </testpreset>
  <testpreset name="TestAll">
    <channelr start="1" end="43008"/>
  </testpreset>
  <testpreset name="sewell">
    <channelr start="1" end="450"/>
    <channelr start="8314" end="8337"/>
    <channelr start="8708" end="9001"/>
    <channelr start="9005" end="9130"/>
    <channelr start="9134" end="9295"/>
    <channelr start="9299" end="9454"/>
    <channelr start="9458" end="9595"/>
    <channelr start="9599" end="9826"/>
    <channelr start="9830" end="10183"/>
    <channelr start="10646" end="11407"/>
    <channelr start="11417" end="11794"/>
  </testpreset>
  <testpreset name="sewell spinners">
    <channelr start="11033" end="11410"/>
    <channelr start="11420" end="11797"/>
    <channelr start="11807" end="12184"/>
  </testpreset>
  <testpreset name="sewell2">
    <channelr start="8708" end="9001"/>
    <channelr start="9134" end="9295"/>
    <channelr start="9299" end="9454"/>
    <channelr start="9458" end="9595"/>
    <channelr start="9599" end="9826"/>
    <channelr start="9830" end="10183"/>
    <channelr start="11033" end="11410"/>
    <channelr start="11420" end="11797"/>
    <channelr start="11807" end="12184"/>
  </testpreset>
  <testpreset name="test lights 1">
    <channelr start="1" end="2040"/>
  </testpreset>
  <testpreset name="Front Door Test">
    <channelr start="1" end="510"/>
  </testpreset>
  <testpreset name="MegaTree">
    <channelr start="1" end="510"/>
  </testpreset>
  <testpreset name="Working">
    <channelr start="1" end="2400"/>
  </testpreset>
  <testpreset name="Pumpkin Test">
    <channelr start="1201" end="2220"/>
  </testpreset>
  <testpreset name="all">
    <channelr start="1" end="11124"/>
  </testpreset>
  <testpreset name="off"/>
  <testpreset name="Adams Test">
    <channelr start="1" end="4096"/>
  </testpreset>
</Networks>
